{"cameraMode":{"drawMode":0,"name":"Shaded","section":"Shading Mode"},"sceneLighting":false,"audioPlay":false,"sceneViewState":{"m_AlwaysRefresh":false,"showFog":true,"showSkybox":false,"showFlares":true,"showImageEffects":true,"showParticleSystems":true,"showVisualEffectGraphs":true,"m_FxEnabled":true},"in2DMode":false,"pivot":{"x":-0.011029064655303955,"y":1.2017649412155152,"z":-0.010012686252593995},"rotation":{"x":-0.20454852283000947,"y":-0.0015586306108161808,"z":0.00032316750730387866,"w":-0.9788691401481628},"size":1.4617881774902344,"orthographic":true}