{"cameraMode":{"drawMode":0,"name":"Shaded","section":"Shading Mode"},"sceneLighting":true,"audioPlay":false,"sceneViewState":{"m_AlwaysRefresh":false,"showFog":true,"showSkybox":true,"showFlares":true,"showImageEffects":true,"showParticleSystems":true,"showVisualEffectGraphs":true,"m_FxEnabled":true},"in2DMode":false,"pivot":{"x":468.21807861328127,"y":259.464599609375,"z":16.174091339111329},"rotation":{"x":-0.009309494867920876,"y":0.0005970497149974108,"z":-0.000005531914666789817,"w":-0.9999583959579468},"size":291.5732421875,"orthographic":true}