{"cameraMode":{"drawMode":0,"name":"Shaded","section":"Shading Mode"},"sceneLighting":true,"audioPlay":false,"sceneViewState":{"m_AlwaysRefresh":false,"showFog":true,"showSkybox":true,"showFlares":true,"showImageEffects":true,"showParticleSystems":true,"showVisualEffectGraphs":true,"m_FxEnabled":true},"in2DMode":false,"pivot":{"x":919.6631469726563,"y":573.241455078125,"z":81.0169677734375},"rotation":{"x":-0.030992133542895318,"y":-0.015584593638777733,"z":0.00048314619925804436,"w":-0.9994467496871948},"size":662.3312377929688,"orthographic":false}