{"cameraMode":{"drawMode":0,"name":"Shaded","section":"Shading Mode"},"sceneLighting":true,"audioPlay":false,"sceneViewState":{"m_AlwaysRefresh":false,"showFog":true,"showSkybox":true,"showFlares":true,"showImageEffects":true,"showParticleSystems":true,"showVisualEffectGraphs":true,"m_FxEnabled":true},"in2DMode":false,"pivot":{"x":5.91417121887207,"y":31.866451263427736,"z":44.51805114746094},"rotation":{"x":-0.16425509750843049,"y":-0.002556079300120473,"z":0.0004293939855415374,"w":-0.9864381551742554},"size":65.60597229003906,"orthographic":false}