{"cameraMode":{"drawMode":0,"name":"Shaded","section":"Shading Mode"},"sceneLighting":false,"audioPlay":false,"sceneViewState":{"m_AlwaysRefresh":false,"showFog":true,"showSkybox":false,"showFlares":true,"showImageEffects":true,"showParticleSystems":true,"showVisualEffectGraphs":true,"m_FxEnabled":true},"in2DMode":false,"pivot":{"x":0.05501684546470642,"y":0.6584367752075195,"z":0.17173394560813905},"rotation":{"x":-0.3950364887714386,"y":-0.10246837139129639,"z":0.04439086839556694,"w":-0.9118674397468567},"size":0.7539697289466858,"orthographic":false}